mesh3	保全優先度全国ランク_全分類群	保全優先度全国ランク_植物	保全優先度全国ランク_哺乳類	保全優先度全国ランク_鳥類	保全優先度全国ランク_爬虫類	保全優先度全国ランク_両生類	保全優先度全国ランク_淡水魚類	保全優先度県内ランク_全分類群	保全優先度全国ランク_セミ類	保全優先度全国ランク_チョウ類	保全優先度全国ランク_トンボ類	種数_植物	種数_哺乳類	種数_鳥類	種数_爬虫類	種数_両生類	種数_淡水魚類	種数_セミ類	種数_チョウ類	種数_トンボ類	種数ランク_植物	種数ランク_哺乳類	種数ランク_鳥類	種数ランク_爬虫類	種数ランク_両生類	種数ランク_淡水魚類	種数ランク_セミ類	種数ランク_チョウ類	種数ランク_トンボ類
52364647	0.772	0.264	0.298	0.965	0.773	0.395	0.816	0.458	0.188	0.074	0.462	261	4	131	2	1	16	0	10	5	0.3479	0.0439	0.9713	0.5598	0.1397	0.7336	0	0.2213	0.4151
52364657	0.81	0.472	0.48	0.963	0.781	0.319	0.878	0.634	0.452	0.175	0.675	525	4	136	2	1	24	3	19	19	0.6253	0.0439	0.9758	0.5598	0.1397	0.8452	0.6128	0.3734	0.6729
52364658	0.81	0.31	0.285	0.969	0.761	0.495	0.862	0.497	0.194	0.071	0.461	296	3	133	0	1	21	0	12	6	0.3911	0.024	0.9732	0	0.1397	0.8092	0	0.2575	0.4486
52364667	0.863	0.529	0.571	0.973	0.791	0.314	0.912	0.819	0.573	0.269	0.811	622	9	160	5	3	44	5	31	29	0.705	0.2906	0.9905	0.7201	0.4192	0.9707	0.7748	0.5339	0.7605
52364668	0.833	0.36	0.351	0.971	0.769	0.504	0.885	0.616	0.337	0.116	0.646	401	4	139	1	1	25	2	14	18	0.5083	0.0439	0.9781	0.4252	0.1397	0.8559	0.4894	0.2923	0.6618
52364669	0.768	0.373	0.446	0.965	0.772	0.335	0.798	0.507	0.259	0.094	0.478	367	6	133	1	0	19	1	13	8	0.4723	0.1111	0.9732	0.4252	0	0.7814	0.3004	0.2749	0.5014
52364677	0.799	0.29	0.343	0.972	0.716	0.333	0.836	0.617	0.409	0.092	0.825	345	5	134	1	0	21	3	12	33	0.4478	0.0721	0.974	0.4252	0	0.8092	0.6128	0.2575	0.7882
52364678	0.801	0.43	0.391	0.964	0.752	0.472	0.852	0.591	0.286	0.116	0.559	413	4	133	1	1	22	1	14	10	0.5206	0.0439	0.9732	0.4252	0.1397	0.8221	0.3004	0.2923	0.544
52364679	0.79	0.35	0.414	0.967	0.769	0.414	0.824	0.552	0.265	0.102	0.491	364	4	130	1	1	22	1	14	10	0.469	0.0439	0.9703	0.4252	0.1397	0.8221	0.3004	0.2923	0.544
52364687	0.777	0.209	0.262	0.968	0.64	0.333	0.83	0.475	0.484	0.065	0.866	184	4	128	0	1	18	4	10	34	0.2451	0.0439	0.9683	0	0.1397	0.7662	0.7031	0.2213	0.7946
52364688	0.793	0.384	0.357	0.964	0.713	0.372	0.852	0.552	0.416	0.105	0.746	336	4	129	1	1	19	2	12	17	0.4378	0.0439	0.9693	0.4252	0.1397	0.7814	0.4894	0.2575	0.6503
52364689	0.758	0.219	0.288	0.966	0.728	0.275	0.802	0.399	0.186	0.059	0.372	209	3	122	0	0	15	0	6	4	0.2801	0.024	0.9618	0	0	0.7163	0	0.1458	0.3747
52364696	0.883	0.269	0.386	0.981	0.634	0.839	0.874	0.73	0.491	0.078	0.86	268	7	157	3	3	27	5	16	31	0.3565	0.1602	0.9892	0.6295	0.4192	0.8754	0.7748	0.3256	0.7748
52364697	0.849	0.331	0.303	0.969	0.741	0.49	0.912	0.705	0.577	0.09	0.919	415	4	133	2	2	37	5	11	38	0.5225	0.0439	0.9732	0.5598	0.2845	0.943	0.7748	0.2396	0.8195
52364698	0.89	0.753	0.505	0.955	0.792	0.711	0.94	0.787	0.693	0.261	0.87	735	8	133	3	5	43	5	28	33	0.7831	0.2216	0.9732	0.6295	0.5899	0.9675	0.7748	0.4974	0.7882
52364699	0.811	0.377	0.362	0.961	0.796	0.45	0.884	0.562	0.294	0.124	0.535	447	4	128	2	1	27	1	14	12	0.5539	0.0439	0.9683	0.5598	0.1397	0.8754	0.3004	0.2923	0.5801
52364756	0.844	0.923	0.94	0.892	0.911	0.696	0.867	0.74	0.893	0.629	0.95	1084	12	106	10	7	37	8	63	66	0.9332	0.5208	0.9382	0.8785	0.7463	0.943	0.9401	0.8408	0.9549
52364757	0.791	0.832	0.831	0.838	0.877	0.758	0.856	0.424	0.824	0.446	0.912	846	7	85	8	7	34	7	47	60	0.8448	0.1602	0.8862	0.8182	0.7463	0.9272	0.8903	0.7041	0.9306
52364764	0.71	0.673	0.725	0.871	0.878	0.656	0.797	0.428	0.738	0.451	0.871	734	8	105	9	8	25	7	54	50	0.7824	0.2216	0.9364	0.8479	0.8101	0.8559	0.8903	0.7675	0.885
52364765	0.781	0.872	0.837	0.862	0.902	0.711	0.83	0.484	0.823	0.566	0.901	907	9	98	10	8	26	7	61	57	0.8728	0.2906	0.921	0.8785	0.8101	0.8662	0.8903	0.8256	0.9172
52364766	0.79	0.871	0.761	0.886	0.909	0.684	0.847	0.555	0.923	0.617	0.978	966	9	107	9	7	34	8	63	68	0.8963	0.2906	0.94	0.8479	0.7463	0.9272	0.9401	0.8408	0.9624
52364767	0.76	0.822	0.797	0.803	0.882	0.786	0.825	0.347	0.885	0.533	0.935	839	8	82	8	7	21	7	56	63	0.8414	0.2216	0.8767	0.8182	0.7463	0.8092	0.8903	0.7849	0.9429
52364770	0.897	0.547	0.649	0.971	0.879	0.743	0.927	0.846	0.364	0.245	0.622	684	10	153	7	4	40	2	30	19	0.7503	0.3667	0.9872	0.7878	0.5038	0.9565	0.4894	0.5219	0.6729
52364774	0.842	0.87	0.796	0.892	0.92	0.829	0.882	0.713	0.899	0.648	0.961	940	10	110	11	7	40	7	61	59	0.8862	0.3667	0.9451	0.9088	0.7463	0.9565	0.8903	0.8256	0.9262
52364775	0.803	0.863	0.786	0.851	0.908	0.796	0.857	0.518	0.844	0.618	0.883	935	10	99	11	6	30	7	64	57	0.8842	0.3667	0.9234	0.9088	0.6718	0.9002	0.8903	0.8484	0.9172
52364776	0.754	0.701	0.696	0.852	0.878	0.838	0.83	0.401	0.867	0.709	0.992	837	9	99	10	7	21	7	64	71	0.8403	0.2906	0.9234	0.8785	0.7463	0.8092	0.8903	0.8484	0.9734
52364777	0.809	0.877	0.818	0.815	0.878	0.83	0.859	0.447	0.855	0.515	0.843	874	9	79	7	7	26	7	52	50	0.8582	0.2906	0.867	0.7878	0.7463	0.8662	0.8903	0.7503	0.885
52364778	0.795	0.823	0.77	0.788	0.868	0.872	0.853	0.387	0.844	0.48	0.904	818	7	78	7	7	24	8	51	55	0.8306	0.1602	0.8636	0.7878	0.7463	0.8452	0.9401	0.7411	0.9081
52364780	0.822	0.408	0.461	0.966	0.834	0.49	0.876	0.641	0.415	0.151	0.672	528	7	143	4	1	30	4	18	23	0.6279	0.1602	0.9811	0.6797	0.1397	0.9002	0.7031	0.3582	0.7125
52364781	0.858	0.59	0.648	0.965	0.882	0.724	0.879	0.794	0.661	0.232	0.907	682	8	148	6	3	31	5	29	43	0.7489	0.2216	0.9844	0.7564	0.4192	0.9075	0.7748	0.5096	0.8482
52364782	0.886	0.689	0.675	0.953	0.897	0.902	0.903	0.75	0.68	0.199	0.9	700	8	132	7	4	39	5	28	38	0.7611	0.2216	0.9722	0.7878	0.5038	0.9522	0.7748	0.4974	0.8195
52364783	0.871	0.723	0.705	0.944	0.873	0.88	0.898	0.636	0.662	0.173	0.912	629	8	122	7	5	39	5	29	40	0.7103	0.2216	0.9618	0.7878	0.5899	0.9522	0.7748	0.5096	0.8311
52364784	0.886	0.77	0.76	0.942	0.871	0.802	0.926	0.735	0.716	0.231	0.886	685	9	129	7	5	43	6	35	42	0.7509	0.2906	0.9693	0.7878	0.5899	0.9675	0.8358	0.5798	0.8427
52364785	0.869	0.953	0.903	0.878	0.91	0.741	0.895	0.742	0.895	0.624	0.862	1077	11	101	10	7	35	8	57	43	0.9314	0.4453	0.9279	0.8785	0.7463	0.9328	0.9401	0.7932	0.8482
52364786	0.909	0.958	0.93	0.894	0.908	0.65	0.936	0.861	0.907	0.585	0.969	1141	11	110	11	6	44	8	52	67	0.9469	0.4453	0.9451	0.9088	0.6718	0.9707	0.9401	0.7503	0.9587
52364787	0.817	0.845	0.731	0.819	0.88	0.859	0.876	0.482	0.863	0.573	0.872	858	7	88	7	7	29	7	52	52	0.8507	0.1602	0.8949	0.7878	0.7463	0.8925	0.8903	0.7503	0.8945
52364788	0.802	0.829	0.779	0.794	0.87	0.898	0.847	0.426	0.862	0.475	0.913	855	7	76	7	7	23	8	52	55	0.8491	0.1602	0.8568	0.7878	0.7463	0.8342	0.9401	0.7503	0.9081
52364791	0.852	0.62	0.65	0.955	0.878	0.677	0.9	0.708	0.552	0.23	0.786	655	8	130	4	3	28	5	30	25	0.73	0.2216	0.9703	0.6797	0.4192	0.8841	0.7748	0.5219	0.7298
52364792	0.868	0.797	0.806	0.928	0.892	0.883	0.883	0.668	0.658	0.192	0.805	636	8	115	6	5	29	5	27	34	0.7156	0.2216	0.9527	0.7564	0.5899	0.8925	0.7748	0.4848	0.7946
52364793	0.891	0.895	0.845	0.903	0.879	0.967	0.887	0.694	0.683	0.217	0.879	682	9	97	6	6	28	5	32	39	0.7489	0.2906	0.9188	0.7564	0.6718	0.8841	0.7748	0.5455	0.8254
52364794	0.876	0.854	0.765	0.905	0.859	0.883	0.909	0.539	0.685	0.181	0.88	609	7	100	6	6	32	5	31	38	0.6949	0.1602	0.9256	0.7564	0.6718	0.9143	0.7748	0.5339	0.8195
52364795	0.908	0.835	0.769	0.916	0.875	0.798	0.949	0.779	0.827	0.403	0.909	760	7	110	7	6	44	7	42	44	0.7979	0.1602	0.9451	0.7878	0.6718	0.9707	0.8903	0.654	0.8537
52364796	0.871	0.908	0.755	0.864	0.877	0.759	0.923	0.663	0.843	0.502	0.867	856	8	89	9	7	39	7	48	46	0.8497	0.2216	0.8977	0.8479	0.7463	0.9522	0.8903	0.7139	0.8646
52364797	0.852	0.87	0.75	0.835	0.871	0.829	0.906	0.615	0.846	0.543	0.884	838	8	89	8	7	35	7	52	53	0.8408	0.2216	0.8977	0.8182	0.7463	0.9328	0.8903	0.7503	0.899
52364798	0.82	0.843	0.765	0.817	0.859	0.828	0.882	0.454	0.816	0.426	0.886	864	6	79	7	8	32	7	42	51	0.8535	0.1111	0.867	0.7878	0.8101	0.9143	0.8903	0.654	0.8898
52364799	0.787	0.784	0.674	0.778	0.873	0.933	0.839	0.398	0.849	0.492	0.941	864	6	79	7	8	22	7	54	67	0.8535	0.1111	0.867	0.7878	0.8101	0.8221	0.8903	0.7675	0.9587
52365605	0.897	0.234	0.427	0.986	0.538	0.718	0.886	0.839	0.44	0.087	0.882	290	7	164	2	3	30	5	15	35	0.3839	0.1602	0.9921	0.5598	0.4192	0.9002	0.7748	0.3088	0.8011
52365606	0.835	0.497	0.305	0.96	0.544	0.853	0.863	0.407	0.438	0.083	0.856	235	3	125	0	4	18	5	8	36	0.3143	0.024	0.9651	0	0.5038	0.7662	0.7748	0.1841	0.8074
52365607	0.973	0.59	0.559	0.992	0.85	0.765	0.981	0.994	0.682	0.366	0.961	713	9	182	7	7	56	5	36	51	0.7696	0.2906	0.9966	0.7878	0.7463	0.9951	0.7748	0.591	0.8898
52365608	0.907	0.774	0.554	0.947	0.768	0.829	0.947	0.763	0.634	0.22	0.812	659	8	125	4	5	43	5	27	33	0.733	0.2216	0.9651	0.6797	0.5899	0.9675	0.7748	0.4848	0.7882
52365609	0.836	0.478	0.414	0.955	0.787	0.462	0.915	0.625	0.401	0.152	0.656	501	5	132	2	2	30	2	18	20	0.6045	0.0721	0.9722	0.5598	0.2845	0.9002	0.4894	0.3582	0.6836
52365614	0.91	0.284	0.617	0.979	0.562	0.871	0.919	0.821	0.494	0.113	0.768	368	9	157	3	4	37	4	18	34	0.4734	0.2906	0.9892	0.6295	0.5038	0.943	0.7031	0.3582	0.7946
52365615	0.881	0.373	0.553	0.967	0.499	0.904	0.903	0.631	0.398	0.082	0.673	305	7	137	1	4	29	4	10	22	0.4021	0.1602	0.9766	0.4252	0.5038	0.8925	0.7031	0.2213	0.7032
52365616	0.868	0.459	0.506	0.953	0.525	0.926	0.905	0.519	0.324	0.086	0.591	305	6	129	1	4	29	3	9	17	0.4021	0.1111	0.9693	0.4252	0.5038	0.8925	0.6128	0.2028	0.6503
52365617	0.977	0.635	0.586	0.99	0.85	0.898	0.981	0.991	0.634	0.253	0.922	689	8	168	8	6	51	5	31	44	0.7538	0.2216	0.9934	0.8182	0.6718	0.9879	0.7748	0.5339	0.8537
52365618	0.908	0.738	0.523	0.933	0.713	0.846	0.953	0.69	0.547	0.141	0.758	543	8	112	2	5	43	5	20	30	0.6409	0.2216	0.9482	0.5598	0.5899	0.9675	0.7748	0.3885	0.7677
52365619	0.904	0.694	0.553	0.952	0.816	0.591	0.957	0.783	0.656	0.186	0.92	616	7	124	6	5	45	5	23	43	0.7003	0.1602	0.9641	0.7564	0.5899	0.9737	0.7748	0.4313	0.8482
52365624	0.829	0.401	0.448	0.918	0.423	0.948	0.895	0.257	0.262	0.066	0.367	200	6	108	0	4	22	1	5	5	0.2677	0.1111	0.9417	0	0.5038	0.8221	0.3004	0.1263	0.4151
52365625	0.833	0.388	0.288	0.911	0.408	0.914	0.913	0.23	0.326	0.058	0.41	189	5	104	0	4	20	3	2	8	0.2523	0.0721	0.9344	0	0.5038	0.7956	0.6128	0.059	0.5014
52365626	0.932	0.457	0.515	0.977	0.644	0.878	0.949	0.839	0.532	0.133	0.733	390	9	163	2	4	39	5	21	22	0.4967	0.2906	0.9917	0.5598	0.5038	0.9522	0.7748	0.4033	0.7032
52365627	0.969	0.604	0.603	0.984	0.814	0.757	0.983	0.98	0.641	0.21	0.9	647	9	162	7	6	51	5	27	38	0.724	0.2906	0.9914	0.7878	0.6718	0.9879	0.7748	0.4848	0.8195
52365628	0.874	0.645	0.431	0.906	0.676	0.793	0.946	0.442	0.508	0.089	0.708	420	6	100	4	5	40	4	11	25	0.5275	0.1111	0.9256	0.6797	0.5899	0.9565	0.7031	0.2396	0.7298
52365629	0.905	0.729	0.54	0.927	0.746	0.604	0.962	0.657	0.575	0.126	0.822	536	6	110	4	5	43	4	19	40	0.6347	0.1111	0.9451	0.6797	0.5899	0.9675	0.7031	0.3734	0.8311
52365633	0.896	0.322	0.393	0.968	0.649	0.841	0.934	0.732	0.623	0.125	0.616	323	6	139	3	5	32	4	19	16	0.4232	0.1111	0.9781	0.6295	0.5899	0.9143	0.7031	0.3734	0.6377
52365634	0.846	0.381	0.364	0.936	0.56	0.907	0.908	0.365	0.549	0.075	0.563	237	4	116	1	5	24	4	10	11	0.3169	0.0439	0.9541	0.4252	0.5899	0.8452	0.7031	0.2213	0.5628
52365635	0.837	0.434	0.288	0.909	0.497	0.896	0.915	0.191	0.534	0.061	0.412	170	2	97	1	5	16	5	4	7	0.2247	0.0113	0.9188	0.4252	0.5899	0.7336	0.7748	0.1056	0.4766
52365636	0.928	0.389	0.468	0.971	0.67	0.833	0.957	0.828	0.64	0.132	0.725	377	8	151	2	4	40	5	21	24	0.4831	0.2216	0.9861	0.5598	0.5038	0.9565	0.7748	0.4033	0.7213
52365637	0.935	0.562	0.573	0.958	0.728	0.666	0.974	0.865	0.569	0.134	0.833	528	8	131	5	5	48	5	18	37	0.6279	0.2216	0.9713	0.7201	0.5899	0.9818	0.7748	0.3582	0.8136
52365638	0.876	0.641	0.444	0.889	0.652	0.732	0.952	0.395	0.511	0.087	0.752	400	6	93	3	5	39	4	12	32	0.5072	0.1111	0.9085	0.6295	0.5899	0.9522	0.7031	0.2575	0.7816
52365639	0.869	0.658	0.372	0.894	0.729	0.454	0.956	0.373	0.543	0.087	0.863	446	6	91	4	5	40	4	14	36	0.5529	0.1111	0.9032	0.6797	0.5899	0.9565	0.7031	0.2923	0.8074
52365644	0.85	0.406	0.338	0.9	0.699	0.895	0.929	0.361	0.461	0.075	0.615	304	5	103	3	5	32	4	10	16	0.4008	0.0721	0.9324	0.6295	0.5899	0.9143	0.7031	0.2213	0.6377
52365645	0.857	0.417	0.367	0.895	0.716	0.886	0.935	0.348	0.52	0.074	0.629	309	5	101	3	5	34	4	10	21	0.4067	0.0721	0.9279	0.6295	0.5899	0.9272	0.7031	0.2213	0.6935
52365646	0.932	0.544	0.531	0.936	0.803	0.847	0.97	0.811	0.651	0.17	0.855	544	9	129	6	5	47	5	23	34	0.6418	0.2906	0.9693	0.7564	0.5899	0.9794	0.7748	0.4313	0.7946
52365647	0.96	0.668	0.613	0.955	0.766	0.771	0.985	0.93	0.653	0.221	0.919	626	8	139	5	6	51	5	28	44	0.7081	0.2216	0.9781	0.7201	0.6718	0.9879	0.7748	0.4974	0.8537
52365648	0.899	0.701	0.498	0.887	0.668	0.668	0.964	0.533	0.563	0.12	0.803	461	7	97	3	5	38	4	20	38	0.5675	0.1602	0.9188	0.6295	0.5899	0.9478	0.7031	0.3885	0.8195
52365649	0.866	0.68	0.424	0.872	0.729	0.408	0.955	0.304	0.536	0.091	0.871	403	5	86	4	4	37	4	14	36	0.5104	0.0721	0.8892	0.6797	0.5038	0.943	0.7031	0.2923	0.8074
52365654	0.863	0.497	0.377	0.889	0.76	0.939	0.93	0.436	0.465	0.094	0.553	399	6	100	3	5	30	4	12	16	0.5062	0.1111	0.9256	0.6295	0.5899	0.9002	0.7031	0.2575	0.6377
52365655	0.87	0.473	0.465	0.9	0.794	0.912	0.936	0.522	0.584	0.091	0.785	462	9	109	6	5	40	4	16	31	0.5686	0.2906	0.9433	0.7564	0.5899	0.9565	0.7031	0.3256	0.7748
52365656	0.952	0.64	0.557	0.964	0.824	0.821	0.975	0.927	0.646	0.167	0.909	597	8	146	7	5	49	5	24	34	0.6852	0.2216	0.9831	0.7878	0.5899	0.9841	0.7748	0.4451	0.7946
52365657	0.947	0.655	0.626	0.935	0.789	0.762	0.981	0.881	0.664	0.184	0.924	586	8	121	5	6	49	5	25	46	0.6763	0.2216	0.9606	0.7201	0.6718	0.9841	0.7748	0.4586	0.8646
52365658	0.874	0.652	0.481	0.856	0.695	0.62	0.956	0.419	0.566	0.113	0.781	418	5	78	4	6	30	4	18	31	0.5257	0.0721	0.8636	0.6797	0.6718	0.9002	0.7031	0.3582	0.7748
52365659	0.885	0.718	0.556	0.874	0.767	0.408	0.96	0.469	0.592	0.105	0.886	447	6	86	5	4	37	4	21	38	0.5539	0.1111	0.8892	0.7201	0.5038	0.943	0.7031	0.4033	0.8195
52365664	0.872	0.564	0.395	0.887	0.759	0.897	0.94	0.431	0.593	0.094	0.734	386	7	94	3	5	34	4	14	26	0.4925	0.1602	0.9111	0.6295	0.5899	0.9272	0.7031	0.2923	0.7378
52365665	0.868	0.524	0.433	0.898	0.787	0.849	0.941	0.485	0.578	0.095	0.765	438	8	104	3	5	39	4	15	33	0.545	0.2216	0.9344	0.6295	0.5899	0.9522	0.7031	0.3088	0.7882
52365666	0.936	0.596	0.584	0.961	0.826	0.769	0.968	0.9	0.638	0.194	0.921	625	8	143	7	6	49	5	27	40	0.7073	0.2216	0.9811	0.7878	0.6718	0.9841	0.7748	0.4848	0.8311
52365667	0.931	0.744	0.579	0.941	0.837	0.755	0.967	0.831	0.653	0.163	0.923	578	6	122	7	6	48	5	25	45	0.6697	0.1111	0.9618	0.7878	0.6718	0.9818	0.7748	0.4586	0.8591
52365668	0.886	0.733	0.477	0.894	0.812	0.634	0.954	0.521	0.571	0.119	0.823	438	4	98	5	6	34	4	22	36	0.545	0.0439	0.921	0.7201	0.6718	0.9272	0.7031	0.4176	0.8074
52365669	0.896	0.782	0.594	0.893	0.853	0.505	0.958	0.589	0.595	0.109	0.911	459	5	97	6	4	34	4	21	43	0.5656	0.0721	0.9188	0.7564	0.5038	0.9272	0.7031	0.4033	0.8482
52365674	0.849	0.54	0.411	0.87	0.783	0.865	0.93	0.361	0.526	0.094	0.637	392	6	92	3	5	32	4	15	22	0.4989	0.1111	0.9058	0.6295	0.5899	0.9143	0.7031	0.3088	0.7032
52365675	0.869	0.544	0.45	0.895	0.798	0.824	0.942	0.468	0.621	0.098	0.813	445	8	104	4	5	38	4	17	34	0.552	0.2216	0.9344	0.6797	0.5899	0.9478	0.7031	0.3419	0.7946
52365676	0.943	0.576	0.588	0.962	0.849	0.743	0.974	0.918	0.702	0.235	0.94	651	8	142	8	7	50	5	33	47	0.7271	0.2216	0.9804	0.8182	0.7463	0.9862	0.7748	0.5571	0.8698
52365677	0.876	0.716	0.492	0.874	0.827	0.678	0.95	0.458	0.601	0.132	0.864	483	5	91	5	6	32	4	23	39	0.5882	0.0721	0.9032	0.7201	0.6718	0.9143	0.7031	0.4313	0.8254
52365678	0.844	0.688	0.472	0.851	0.845	0.469	0.942	0.309	0.591	0.105	0.875	369	4	73	5	5	30	4	21	37	0.4744	0.0439	0.8462	0.7201	0.5899	0.9002	0.7031	0.4033	0.8136
52365679	0.882	0.78	0.555	0.86	0.868	0.436	0.956	0.463	0.628	0.115	0.887	443	6	78	5	4	30	5	23	39	0.5501	0.1111	0.8636	0.7201	0.5038	0.9002	0.7748	0.4313	0.8254
52365684	0.85	0.576	0.488	0.882	0.798	0.861	0.926	0.407	0.519	0.096	0.654	434	6	89	3	7	32	4	16	21	0.5413	0.1111	0.8977	0.6295	0.7463	0.9143	0.7031	0.3256	0.6935
52365685	0.852	0.586	0.431	0.882	0.806	0.815	0.932	0.392	0.599	0.086	0.779	432	6	92	4	6	31	4	15	32	0.5394	0.1111	0.9058	0.6797	0.6718	0.9075	0.7031	0.3088	0.7816
52365686	0.923	0.523	0.56	0.962	0.861	0.685	0.964	0.857	0.679	0.173	0.954	611	8	137	8	7	48	5	31	48	0.6965	0.2216	0.9766	0.8182	0.7463	0.9818	0.7748	0.5339	0.875
52365687	0.899	0.708	0.603	0.893	0.866	0.54	0.964	0.667	0.706	0.162	0.977	604	6	103	7	6	39	5	30	53	0.6908	0.1111	0.9324	0.7878	0.6718	0.9522	0.7748	0.5219	0.899
52365688	0.876	0.756	0.502	0.842	0.857	0.431	0.956	0.44	0.611	0.115	0.859	430	5	75	5	5	32	4	22	39	0.5374	0.0721	0.8532	0.7201	0.5899	0.9143	0.7031	0.4176	0.8254
52365689	0.856	0.748	0.499	0.835	0.865	0.377	0.947	0.282	0.612	0.09	0.875	370	6	68	5	4	27	5	19	40	0.4755	0.1111	0.8271	0.7201	0.5038	0.8754	0.7748	0.3734	0.8311
52365694	0.817	0.515	0.424	0.857	0.781	0.89	0.906	0.268	0.416	0.078	0.612	400	6	86	4	6	27	4	11	17	0.5072	0.1111	0.8892	0.6797	0.6718	0.8754	0.7031	0.2396	0.6503
52365697	0.837	0.669	0.495	0.845	0.851	0.665	0.935	0.331	0.664	0.109	0.926	468	5	81	6	6	36	5	21	42	0.5742	0.0721	0.8736	0.7564	0.6718	0.9379	0.7748	0.4033	0.8427
52365698	0.865	0.737	0.487	0.828	0.848	0.548	0.95	0.374	0.624	0.107	0.857	401	5	73	5	6	29	5	21	39	0.5083	0.0721	0.8462	0.7201	0.6718	0.8925	0.7748	0.4033	0.8254
52365699	0.885	0.829	0.568	0.816	0.854	0.6	0.954	0.328	0.583	0.093	0.817	444	7	60	5	6	24	4	18	30	0.5511	0.1602	0.793	0.7201	0.6718	0.8452	0.7031	0.3582	0.7677
52365700	0.808	0.321	0.365	0.961	0.803	0.36	0.884	0.573	0.251	0.095	0.487	327	6	120	2	1	24	1	13	6	0.4279	0.1111	0.9593	0.5598	0.1397	0.8452	0.3004	0.2749	0.4486
52365701	0.814	0.51	0.518	0.946	0.833	0.679	0.872	0.512	0.561	0.147	0.797	423	4	117	3	1	20	5	17	22	0.5306	0.0439	0.9555	0.6295	0.1397	0.7956	0.7748	0.3419	0.7032
52365702	0.889	0.788	0.867	0.932	0.899	0.868	0.906	0.797	0.758	0.243	0.935	721	10	122	7	5	33	5	31	48	0.7746	0.3667	0.9618	0.7878	0.5899	0.921	0.7748	0.5339	0.875
52365703	0.877	0.844	0.866	0.91	0.868	0.902	0.882	0.578	0.633	0.172	0.825	630	8	98	6	5	28	5	30	35	0.7111	0.2216	0.921	0.7564	0.5899	0.8841	0.7748	0.5219	0.8011
52365704	0.888	0.877	0.877	0.893	0.877	0.896	0.897	0.624	0.767	0.304	0.895	704	8	95	7	5	32	5	36	44	0.7636	0.2216	0.9137	0.7878	0.5899	0.9143	0.7748	0.591	0.8537
52365705	0.918	0.908	0.817	0.898	0.887	0.84	0.944	0.803	0.862	0.46	0.936	841	7	100	8	5	44	7	45	53	0.8423	0.1602	0.9256	0.8182	0.5899	0.9707	0.8903	0.6845	0.899
52365706	0.898	0.913	0.699	0.893	0.895	0.794	0.936	0.844	0.906	0.66	0.983	934	8	107	9	7	44	8	57	64	0.8838	0.2216	0.94	0.8479	0.7463	0.9707	0.9401	0.7932	0.947
52365707	0.826	0.902	0.637	0.826	0.865	0.75	0.893	0.469	0.838	0.493	0.944	910	7	81	8	7	31	8	52	54	0.8741	0.1602	0.8736	0.8182	0.7463	0.9075	0.9401	0.7503	0.9036
52365708	0.81	0.859	0.603	0.809	0.862	0.804	0.882	0.44	0.874	0.54	0.912	903	6	83	6	8	31	8	53	58	0.8712	0.1111	0.8799	0.7564	0.8101	0.9075	0.9401	0.7589	0.9217
52365709	0.837	0.819	0.635	0.82	0.88	0.936	0.885	0.568	0.841	0.555	0.938	915	7	86	8	8	38	7	57	61	0.8762	0.1602	0.8892	0.8182	0.8101	0.9478	0.8903	0.7932	0.9346
52365710	0.911	0.69	0.607	0.945	0.872	0.784	0.954	0.831	0.681	0.24	0.869	666	9	125	7	5	43	5	26	40	0.7379	0.2906	0.9651	0.7878	0.5899	0.9675	0.7748	0.4719	0.8311
52365711	0.896	0.637	0.664	0.954	0.869	0.795	0.933	0.786	0.663	0.231	0.909	629	8	131	5	2	39	5	29	40	0.7103	0.2216	0.9713	0.7201	0.2845	0.9522	0.7748	0.5096	0.8311
52365712	0.861	0.682	0.788	0.928	0.87	0.832	0.899	0.558	0.712	0.143	0.96	560	8	113	5	4	34	5	27	47	0.655	0.2216	0.9497	0.7201	0.5038	0.9272	0.7748	0.4848	0.8698
52365713	0.861	0.811	0.842	0.903	0.876	0.822	0.896	0.591	0.747	0.161	0.953	624	9	97	7	4	34	5	29	49	0.7066	0.2906	0.9188	0.7878	0.5038	0.9272	0.7748	0.5096	0.88
52365714	0.895	0.918	0.875	0.87	0.903	0.833	0.917	0.693	0.829	0.324	0.918	833	10	81	9	6	34	7	40	46	0.8384	0.3667	0.8736	0.8479	0.6718	0.9272	0.8903	0.6336	0.8646
52365715	0.938	0.867	0.902	0.933	0.91	0.744	0.954	0.935	0.88	0.533	0.966	922	11	121	10	5	49	6	48	58	0.8792	0.4453	0.9606	0.8785	0.5899	0.9841	0.8358	0.7139	0.9217
52365716	0.881	0.908	0.681	0.845	0.894	0.87	0.92	0.76	0.871	0.612	0.945	873	7	91	9	7	38	8	56	57	0.8577	0.1602	0.9032	0.8479	0.7463	0.9478	0.9401	0.7849	0.9172
52365717	0.823	0.916	0.609	0.819	0.872	0.732	0.891	0.46	0.836	0.484	0.942	911	6	75	8	7	31	8	50	49	0.8745	0.1111	0.8532	0.8182	0.7463	0.9075	0.9401	0.7321	0.88
52365718	0.782	0.88	0.575	0.794	0.849	0.754	0.861	0.318	0.857	0.445	0.953	867	5	73	7	7	25	8	46	54	0.8548	0.0721	0.8462	0.7878	0.7463	0.8559	0.9401	0.6944	0.9036
52365719	0.85	0.882	0.766	0.806	0.887	0.945	0.881	0.656	0.916	0.556	0.983	1002	6	85	9	8	33	8	58	69	0.9088	0.1111	0.8862	0.8479	0.8101	0.921	0.9401	0.8013	0.9663
52365720	0.919	0.72	0.573	0.937	0.843	0.497	0.969	0.802	0.668	0.181	0.945	643	7	118	7	5	48	5	26	52	0.721	0.1602	0.9568	0.7878	0.5899	0.9818	0.7748	0.4719	0.8945
52365721	0.922	0.727	0.7	0.939	0.881	0.648	0.965	0.848	0.725	0.239	0.94	698	10	122	7	4	46	5	33	45	0.7599	0.3667	0.9618	0.7878	0.5038	0.9766	0.7748	0.5571	0.8591
52365722	0.871	0.801	0.84	0.918	0.861	0.675	0.917	0.54	0.633	0.135	0.883	552	9	105	6	5	30	5	24	44	0.6485	0.2906	0.9364	0.7564	0.5899	0.9002	0.7748	0.4451	0.8537
52365723	0.884	0.853	0.87	0.906	0.886	0.755	0.918	0.676	0.768	0.169	0.915	663	11	93	7	5	29	5	30	46	0.7357	0.4453	0.9085	0.7878	0.5899	0.8925	0.7748	0.5219	0.8646
52365724	0.883	0.897	0.863	0.851	0.905	0.865	0.903	0.702	0.877	0.411	0.953	799	10	77	8	6	28	8	43	52	0.8202	0.3667	0.8602	0.8182	0.6718	0.8841	0.9401	0.6642	0.8945
52365725	0.932	0.877	0.858	0.914	0.909	0.824	0.951	0.921	0.888	0.538	0.962	929	12	107	10	6	46	8	50	61	0.8819	0.5208	0.94	0.8785	0.6718	0.9766	0.9401	0.7321	0.9346
52365726	0.881	0.875	0.785	0.843	0.911	0.857	0.917	0.767	0.891	0.609	0.947	928	9	92	9	7	40	7	58	63	0.8815	0.2906	0.9058	0.8479	0.7463	0.9565	0.8903	0.8013	0.9429
52365727	0.793	0.787	0.65	0.837	0.872	0.876	0.855	0.552	0.91	0.761	0.996	888	10	94	9	7	27	7	70	77	0.8645	0.3667	0.9111	0.8479	0.7463	0.8754	0.8903	0.8883	0.9899
52365728	0.811	0.869	0.564	0.805	0.86	0.792	0.887	0.472	0.891	0.525	0.971	901	7	82	6	8	28	8	55	62	0.8703	0.1602	0.8767	0.7564	0.8101	0.8841	0.9401	0.7763	0.9388
52365729	0.806	0.886	0.645	0.78	0.859	0.845	0.866	0.419	0.872	0.532	0.876	942	5	69	8	8	24	8	56	48	0.8869	0.0721	0.8313	0.8182	0.8101	0.8452	0.9401	0.7849	0.875
52365730	0.882	0.665	0.306	0.913	0.793	0.44	0.958	0.483	0.622	0.106	0.878	491	5	102	6	3	40	5	20	41	0.5955	0.0721	0.9303	0.7564	0.4192	0.9565	0.7748	0.3885	0.8369
52365731	0.877	0.744	0.477	0.902	0.839	0.539	0.949	0.454	0.623	0.112	0.884	515	6	95	6	4	39	5	22	40	0.6167	0.1111	0.9137	0.7564	0.5038	0.9522	0.7748	0.4176	0.8311
52365732	0.884	0.731	0.781	0.93	0.876	0.478	0.94	0.603	0.72	0.127	0.901	563	6	114	6	1	35	5	25	42	0.6574	0.1111	0.9513	0.7564	0.1397	0.9328	0.7748	0.4586	0.8427
52365733	0.895	0.861	0.827	0.93	0.891	0.528	0.933	0.724	0.718	0.155	0.82	629	9	101	8	4	32	5	29	40	0.7103	0.2906	0.9279	0.8182	0.5038	0.9143	0.7748	0.5096	0.8311
52365734	0.901	0.917	0.908	0.892	0.91	0.639	0.926	0.775	0.879	0.371	0.897	868	10	89	9	5	36	7	44	49	0.8553	0.3667	0.8977	0.8479	0.5899	0.9379	0.8903	0.6743	0.88
52365735	0.901	0.888	0.866	0.866	0.908	0.793	0.931	0.778	0.899	0.501	0.96	911	9	92	9	6	37	8	49	59	0.8745	0.2906	0.9058	0.8479	0.6718	0.943	0.9401	0.723	0.9262
52365736	0.919	0.82	0.839	0.887	0.899	0.794	0.953	0.881	0.881	0.571	0.97	892	10	101	9	6	43	7	52	65	0.8662	0.3667	0.9279	0.8479	0.6718	0.9675	0.8903	0.7503	0.951
52365737	0.788	0.807	0.71	0.808	0.901	0.801	0.854	0.517	0.883	0.727	0.984	919	10	92	10	8	30	7	64	72	0.8779	0.3667	0.9058	0.8785	0.8101	0.9002	0.8903	0.8484	0.9766
52365738	0.835	0.886	0.573	0.815	0.864	0.824	0.9	0.57	0.922	0.575	0.984	905	7	85	7	7	31	8	55	67	0.8719	0.1602	0.8862	0.7878	0.7463	0.9075	0.9401	0.7763	0.9587
52365739	0.813	0.866	0.608	0.781	0.859	0.861	0.877	0.461	0.892	0.565	0.904	877	4	72	7	7	28	8	58	54	0.8596	0.0439	0.8426	0.7878	0.7463	0.8841	0.9401	0.8013	0.9036
52365740	0.888	0.668	0.386	0.902	0.807	0.383	0.963	0.488	0.648	0.113	0.916	492	6	99	7	3	40	5	21	45	0.5964	0.1111	0.9234	0.7878	0.4192	0.9565	0.7748	0.4033	0.8591
52365741	0.873	0.758	0.524	0.885	0.831	0.481	0.95	0.376	0.564	0.099	0.84	455	5	86	6	4	34	4	21	39	0.5616	0.0721	0.8892	0.7564	0.5038	0.9272	0.7031	0.4033	0.8254
52365742	0.939	0.905	0.926	0.931	0.931	0.413	0.958	0.886	0.862	0.251	0.926	937	11	118	10	2	37	7	37	49	0.8849	0.4453	0.9568	0.8785	0.2845	0.943	0.8903	0.602	0.88
52365743	0.873	0.857	0.857	0.89	0.908	0.455	0.924	0.537	0.729	0.164	0.825	640	6	76	8	3	25	5	30	40	0.7187	0.1111	0.8568	0.8182	0.4192	0.8559	0.7748	0.5219	0.8311
52365744	0.853	0.878	0.858	0.856	0.911	0.573	0.902	0.547	0.859	0.307	0.844	738	8	78	8	3	24	7	41	47	0.7848	0.2216	0.8636	0.8182	0.4192	0.8452	0.8903	0.6439	0.8698
52365745	0.903	0.947	0.907	0.829	0.916	0.809	0.917	0.792	0.914	0.563	0.934	961	10	76	8	6	27	8	54	55	0.8943	0.3667	0.8568	0.8182	0.6718	0.8754	0.9401	0.7675	0.9081
52365746	0.881	0.906	0.821	0.816	0.906	0.749	0.924	0.67	0.869	0.484	0.929	900	8	72	9	6	32	8	46	56	0.8699	0.2216	0.8426	0.8479	0.6718	0.9143	0.9401	0.6944	0.9128
52365747	0.901	0.845	0.837	0.873	0.905	0.668	0.949	0.819	0.906	0.553	0.979	929	10	101	9	7	43	7	52	68	0.8819	0.3667	0.9279	0.8479	0.7463	0.9675	0.8903	0.7503	0.9624
52365748	0.871	0.795	0.607	0.861	0.861	0.773	0.937	0.702	0.917	0.525	0.982	784	5	95	7	7	39	7	51	71	0.8119	0.0721	0.9137	0.7878	0.7463	0.9522	0.8903	0.7411	0.9734
52365749	0.868	0.78	0.573	0.847	0.858	0.865	0.93	0.698	0.924	0.502	0.963	786	5	93	7	8	41	8	52	67	0.813	0.0721	0.9085	0.7878	0.8101	0.9602	0.9401	0.7503	0.9587
52365750	0.868	0.717	0.442	0.873	0.814	0.348	0.954	0.352	0.615	0.087	0.871	417	5	80	6	3	34	5	19	42	0.5247	0.0721	0.8704	0.7564	0.4192	0.9272	0.7748	0.3734	0.8427
52365751	0.905	0.837	0.653	0.884	0.89	0.482	0.96	0.656	0.679	0.151	0.903	572	7	84	7	4	37	5	28	48	0.6646	0.1602	0.8831	0.7878	0.5038	0.943	0.7748	0.4974	0.875
52365752	0.949	0.945	0.929	0.909	0.942	0.493	0.962	0.905	0.9	0.338	0.956	952	11	100	10	3	29	7	41	61	0.8908	0.4453	0.9256	0.8785	0.4192	0.8925	0.8903	0.6439	0.9346
52365753	0.883	0.881	0.9	0.876	0.924	0.412	0.925	0.658	0.816	0.253	0.906	758	7	78	9	3	24	7	38	53	0.7968	0.1602	0.8636	0.8479	0.4192	0.8452	0.8903	0.6127	0.899
52365754	0.848	0.896	0.859	0.834	0.911	0.493	0.905	0.514	0.834	0.283	0.871	751	8	71	8	3	21	7	41	44	0.7928	0.2216	0.8389	0.8182	0.4192	0.8092	0.8903	0.6439	0.8537
52365755	0.883	0.925	0.847	0.82	0.921	0.67	0.922	0.622	0.886	0.39	0.937	865	10	70	9	5	26	8	45	55	0.8539	0.3667	0.8352	0.8479	0.5899	0.8662	0.9401	0.6845	0.9081
52365756	0.858	0.909	0.822	0.806	0.908	0.767	0.899	0.544	0.89	0.392	0.943	881	10	73	9	6	26	7	44	51	0.8615	0.3667	0.8462	0.8479	0.6718	0.8662	0.8903	0.6743	0.8898
52365757	0.83	0.887	0.733	0.782	0.907	0.779	0.885	0.522	0.9	0.542	0.936	898	8	69	9	7	26	8	54	55	0.869	0.2216	0.8313	0.8479	0.7463	0.8662	0.9401	0.7675	0.9081
52365758	0.883	0.845	0.821	0.882	0.882	0.656	0.937	0.764	0.903	0.509	0.979	980	9	104	8	6	41	8	49	65	0.9014	0.2906	0.9344	0.8182	0.6718	0.9602	0.9401	0.723	0.951
52365759	0.807	0.825	0.583	0.819	0.856	0.739	0.895	0.476	0.915	0.446	0.967	881	4	82	8	7	33	8	48	63	0.8615	0.0439	0.8767	0.8182	0.7463	0.921	0.9401	0.7139	0.9429
52365760	0.86	0.741	0.496	0.864	0.849	0.418	0.947	0.296	0.568	0.081	0.818	366	6	77	5	4	30	4	18	38	0.4712	0.1111	0.8602	0.7201	0.5038	0.9002	0.7031	0.3582	0.8195
52365761	0.913	0.875	0.762	0.879	0.906	0.53	0.958	0.718	0.761	0.211	0.888	641	7	81	8	5	36	5	36	44	0.7195	0.1602	0.8736	0.8182	0.5899	0.9379	0.7748	0.591	0.8537
52365762	0.896	0.903	0.901	0.877	0.925	0.56	0.925	0.698	0.842	0.281	0.886	723	8	86	9	2	22	7	40	46	0.7758	0.2216	0.8892	0.8479	0.2845	0.8221	0.8903	0.6336	0.8646
52365763	0.882	0.912	0.857	0.861	0.928	0.482	0.927	0.64	0.836	0.272	0.87	762	7	77	10	4	22	7	39	45	0.799	0.1602	0.8602	0.8785	0.5038	0.8221	0.8903	0.6233	0.8591
52365764	0.85	0.893	0.846	0.829	0.91	0.469	0.91	0.495	0.808	0.263	0.853	705	7	73	8	3	18	6	41	41	0.7643	0.1602	0.8462	0.8182	0.4192	0.7662	0.8358	0.6439	0.8369
52365765	0.881	0.924	0.82	0.82	0.926	0.751	0.915	0.655	0.884	0.433	0.949	806	8	71	9	5	23	7	46	58	0.8239	0.2216	0.8389	0.8479	0.5899	0.8342	0.8903	0.6944	0.9217
52365766	0.857	0.899	0.836	0.791	0.915	0.842	0.882	0.542	0.886	0.42	0.965	841	9	65	8	6	19	8	43	58	0.8423	0.2906	0.8149	0.8182	0.6718	0.7814	0.9401	0.6642	0.9217
52365767	0.799	0.871	0.687	0.765	0.904	0.841	0.848	0.415	0.901	0.483	0.937	842	7	65	8	6	17	8	48	56	0.8429	0.1602	0.8149	0.8182	0.6718	0.7503	0.9401	0.7139	0.9128
52365768	0.75	0.766	0.515	0.763	0.881	0.804	0.839	0.315	0.902	0.529	0.96	726	4	73	7	6	17	8	53	70	0.7776	0.0439	0.8462	0.7878	0.6718	0.7503	0.9401	0.7589	0.9698
52365769	0.755	0.842	0.531	0.773	0.856	0.73	0.846	0.289	0.896	0.404	0.924	794	3	67	7	8	23	8	44	57	0.8175	0.024	0.8232	0.7878	0.8101	0.8342	0.9401	0.6743	0.9172
52365770	0.871	0.744	0.488	0.867	0.875	0.37	0.953	0.372	0.645	0.094	0.89	416	5	79	6	3	31	5	19	42	0.5236	0.0721	0.867	0.7564	0.4192	0.9075	0.7748	0.3734	0.8427
52365771	0.917	0.896	0.794	0.87	0.921	0.499	0.958	0.714	0.802	0.25	0.895	686	6	79	9	3	32	6	38	45	0.7517	0.1111	0.867	0.8479	0.4192	0.9143	0.8358	0.6127	0.8591
52365772	0.883	0.889	0.853	0.868	0.921	0.448	0.931	0.57	0.827	0.246	0.874	689	7	82	9	2	22	7	38	44	0.7538	0.1602	0.8767	0.8479	0.2845	0.8221	0.8903	0.6127	0.8537
52365773	0.886	0.907	0.883	0.848	0.925	0.43	0.928	0.646	0.836	0.292	0.875	771	7	77	10	3	23	7	40	46	0.8045	0.1602	0.8602	0.8785	0.4192	0.8342	0.8903	0.6336	0.8646
52365774	0.852	0.9	0.824	0.829	0.918	0.47	0.912	0.507	0.807	0.265	0.872	713	7	72	8	2	19	6	41	42	0.7696	0.1602	0.8426	0.8182	0.2845	0.7814	0.8358	0.6439	0.8427
52365775	0.879	0.898	0.854	0.818	0.917	0.58	0.926	0.564	0.851	0.331	0.945	779	7	69	8	5	24	7	43	54	0.8091	0.1602	0.8313	0.8182	0.5899	0.8452	0.8903	0.6642	0.9036
52365776	0.864	0.906	0.859	0.79	0.924	0.743	0.897	0.563	0.887	0.398	0.97	853	10	67	9	5	24	7	45	62	0.8481	0.3667	0.8232	0.8479	0.5899	0.8452	0.8903	0.6845	0.9388
52365777	0.786	0.861	0.637	0.756	0.914	0.872	0.83	0.369	0.913	0.521	0.952	841	3	64	8	6	17	8	51	63	0.8423	0.024	0.8106	0.8182	0.6718	0.7503	0.9401	0.7411	0.9429
52365778	0.69	0.697	0.539	0.798	0.888	0.792	0.773	0.306	0.911	0.723	0.985	807	4	90	8	7	20	7	67	72	0.8244	0.0439	0.9004	0.8182	0.7463	0.7956	0.8903	0.8695	0.9766
52365779	0.772	0.81	0.557	0.772	0.883	0.78	0.859	0.362	0.909	0.533	0.923	887	4	71	7	8	22	8	58	59	0.8641	0.0439	0.8389	0.7878	0.8101	0.8221	0.9401	0.8013	0.9262
52365780	0.88	0.747	0.512	0.866	0.885	0.368	0.956	0.419	0.694	0.103	0.911	446	5	77	6	3	33	5	21	44	0.5529	0.0721	0.8602	0.7564	0.4192	0.921	0.7748	0.4033	0.8537
52365781	0.916	0.903	0.809	0.869	0.926	0.472	0.955	0.664	0.831	0.233	0.906	688	6	81	10	3	26	6	38	50	0.7531	0.1111	0.8736	0.8785	0.4192	0.8662	0.8358	0.6127	0.885
52365782	0.883	0.9	0.854	0.853	0.934	0.413	0.931	0.551	0.833	0.265	0.884	687	8	76	10	3	21	7	40	43	0.7525	0.2216	0.8568	0.8785	0.4192	0.8092	0.8903	0.6336	0.8482
52365783	0.883	0.915	0.88	0.852	0.931	0.52	0.923	0.698	0.876	0.39	0.961	848	7	80	9	3	20	7	45	59	0.8457	0.1602	0.8704	0.8479	0.4192	0.7956	0.8903	0.6845	0.9262
52365784	0.876	0.926	0.868	0.833	0.924	0.482	0.919	0.616	0.845	0.291	0.858	734	7	72	9	2	19	7	42	44	0.7824	0.1602	0.8426	0.8479	0.2845	0.7814	0.8903	0.654	0.8537
52365785	0.889	0.905	0.902	0.817	0.923	0.567	0.925	0.637	0.865	0.34	0.924	747	8	70	9	3	24	7	43	53	0.7903	0.2216	0.8352	0.8479	0.4192	0.8452	0.8903	0.6642	0.899
52365786	0.881	0.9	0.851	0.796	0.925	0.756	0.914	0.608	0.86	0.443	0.944	796	8	70	9	5	25	7	48	55	0.8186	0.2216	0.8352	0.8479	0.5899	0.8559	0.8903	0.7139	0.9081
52365787	0.816	0.873	0.689	0.762	0.917	0.862	0.861	0.419	0.885	0.508	0.977	830	5	63	8	6	18	8	50	67	0.8368	0.0721	0.8064	0.8182	0.6718	0.7662	0.9401	0.7321	0.9587
52365788	0.639	0.587	0.522	0.788	0.883	0.712	0.751	0.186	0.93	0.745	0.999	670	4	85	7	7	15	8	68	78	0.7407	0.0439	0.8862	0.7878	0.7463	0.7163	0.9401	0.8758	0.9919
52365789	0.743	0.799	0.532	0.76	0.885	0.784	0.83	0.366	0.93	0.672	0.975	940	4	75	8	8	24	8	65	72	0.8862	0.0439	0.8532	0.8182	0.8101	0.8452	0.9401	0.8556	0.9766
52365790	0.877	0.757	0.568	0.831	0.858	0.545	0.952	0.349	0.637	0.095	0.873	386	6	62	5	5	24	4	19	43	0.4925	0.1111	0.8021	0.7201	0.5899	0.8452	0.7031	0.3734	0.8482
52365791	0.94	0.936	0.872	0.876	0.926	0.537	0.963	0.821	0.865	0.298	0.93	817	7	91	10	3	30	7	41	59	0.83	0.1602	0.9032	0.8785	0.4192	0.9002	0.8903	0.6439	0.9262
52365792	0.872	0.883	0.826	0.836	0.934	0.454	0.928	0.517	0.815	0.273	0.903	619	7	72	9	2	21	6	39	49	0.7026	0.1602	0.8426	0.8479	0.2845	0.8092	0.8358	0.6233	0.88
52365793	0.876	0.884	0.871	0.838	0.929	0.38	0.929	0.537	0.779	0.196	0.854	656	6	68	9	2	21	6	35	43	0.7307	0.1111	0.8271	0.8479	0.2845	0.8092	0.8358	0.5798	0.8482
52365794	0.893	0.938	0.909	0.831	0.935	0.507	0.92	0.71	0.871	0.311	0.884	773	7	71	9	2	20	7	42	46	0.8057	0.1602	0.8389	0.8479	0.2845	0.7956	0.8903	0.654	0.8646
52365795	0.906	0.945	0.898	0.82	0.939	0.619	0.928	0.663	0.908	0.395	0.949	859	10	72	9	4	23	8	45	56	0.8512	0.3667	0.8426	0.8479	0.5038	0.8342	0.9401	0.6845	0.9128
52365796	0.886	0.905	0.802	0.8	0.926	0.737	0.923	0.589	0.883	0.429	0.949	779	6	70	9	5	26	8	46	58	0.8091	0.1111	0.8352	0.8479	0.5899	0.8662	0.9401	0.6944	0.9217
52365797	0.852	0.892	0.706	0.775	0.923	0.85	0.895	0.519	0.886	0.499	0.964	837	6	62	9	7	28	8	50	65	0.8403	0.1111	0.8021	0.8479	0.7463	0.8841	0.9401	0.7321	0.951
52365798	0.708	0.722	0.525	0.775	0.881	0.725	0.814	0.276	0.891	0.657	0.973	790	7	87	8	8	20	8	61	71	0.8152	0.1602	0.8919	0.8182	0.8101	0.7956	0.9401	0.8256	0.9734
52365799	0.761	0.873	0.53	0.759	0.867	0.656	0.858	0.273	0.896	0.478	0.914	901	5	69	9	7	23	8	49	49	0.8703	0.0721	0.8313	0.8479	0.7463	0.8342	0.9401	0.723	0.88
52366607	0.911	0.702	0.668	0.933	0.866	0.668	0.962	0.817	0.769	0.227	0.968	709	8	128	8	7	49	5	34	49	0.767	0.2216	0.9683	0.8182	0.7463	0.9841	0.7748	0.5684	0.88
52366608	0.897	0.82	0.685	0.861	0.872	0.659	0.954	0.577	0.704	0.155	0.935	625	7	87	8	6	37	5	29	48	0.7073	0.1602	0.8919	0.8182	0.6718	0.943	0.7748	0.5096	0.875
52366609	0.86	0.728	0.512	0.817	0.823	0.572	0.947	0.312	0.6	0.092	0.882	388	7	67	5	6	30	4	20	38	0.4946	0.1602	0.8232	0.7201	0.6718	0.9002	0.7031	0.3885	0.8195
52366618	0.871	0.729	0.589	0.888	0.87	0.596	0.948	0.616	0.838	0.165	0.971	661	7	101	8	7	42	6	31	55	0.7343	0.1602	0.9279	0.8182	0.7463	0.9641	0.8358	0.5339	0.9081
52366619	0.878	0.745	0.482	0.839	0.843	0.591	0.954	0.45	0.637	0.096	0.887	456	7	76	5	6	33	5	18	38	0.5626	0.1602	0.8568	0.7201	0.6718	0.921	0.7748	0.3582	0.8195
52366628	0.914	0.544	0.558	0.947	0.879	0.578	0.966	0.846	0.812	0.246	0.989	653	9	131	8	6	49	6	34	61	0.7285	0.2906	0.9713	0.8182	0.6718	0.9841	0.8358	0.5684	0.9346
52366629	0.912	0.72	0.598	0.914	0.866	0.571	0.967	0.771	0.777	0.146	0.961	615	9	111	8	6	45	5	28	53	0.6995	0.2906	0.9467	0.8182	0.6718	0.9737	0.7748	0.4974	0.899
52366659	0.802	0.578	0.422	0.845	0.82	0.692	0.916	0.251	0.704	0.081	0.905	430	6	80	5	6	30	5	16	42	0.5374	0.1111	0.8704	0.7201	0.6718	0.9002	0.7748	0.3256	0.8427
52366669	0.798	0.533	0.464	0.846	0.826	0.728	0.911	0.265	0.782	0.091	0.94	455	4	82	7	6	30	6	19	48	0.5616	0.0439	0.8767	0.7878	0.6718	0.9002	0.8358	0.3734	0.875
52366679	0.815	0.637	0.526	0.805	0.8	0.783	0.916	0.261	0.681	0.092	0.767	425	6	72	6	6	25	5	15	31	0.5326	0.1111	0.8426	0.7564	0.6718	0.8559	0.7748	0.3088	0.7748
52366700	0.884	0.755	0.591	0.828	0.824	0.593	0.956	0.393	0.596	0.096	0.875	402	7	65	5	6	29	4	20	39	0.5093	0.1602	0.8149	0.7201	0.6718	0.8925	0.7031	0.3885	0.8254
52366701	0.917	0.889	0.804	0.851	0.907	0.525	0.958	0.702	0.844	0.284	0.926	741	9	83	9	3	32	7	40	57	0.7866	0.2906	0.8799	0.8479	0.4192	0.9143	0.8903	0.6336	0.9172
52366702	0.869	0.861	0.795	0.815	0.903	0.424	0.936	0.446	0.783	0.231	0.904	663	8	70	9	3	27	5	38	49	0.7357	0.2216	0.8352	0.8479	0.4192	0.8754	0.7748	0.6127	0.88
52366703	0.872	0.89	0.803	0.822	0.919	0.418	0.934	0.499	0.793	0.232	0.882	696	10	69	9	2	26	6	38	45	0.7585	0.3667	0.8313	0.8479	0.2845	0.8662	0.8358	0.6127	0.8591
52366704	0.882	0.915	0.871	0.831	0.923	0.395	0.931	0.583	0.847	0.311	0.902	777	10	72	10	2	25	7	41	45	0.8079	0.3667	0.8426	0.8785	0.2845	0.8559	0.8903	0.6439	0.8591
52366705	0.906	0.926	0.835	0.825	0.929	0.529	0.944	0.598	0.882	0.354	0.954	885	9	75	10	4	26	7	43	53	0.8632	0.2906	0.8532	0.8785	0.5038	0.8662	0.8903	0.6642	0.899
52366706	0.876	0.897	0.75	0.785	0.924	0.672	0.924	0.5	0.88	0.431	0.942	825	6	66	9	4	26	7	46	52	0.8344	0.1111	0.819	0.8479	0.5038	0.8662	0.8903	0.6944	0.8945
52366707	0.861	0.855	0.654	0.817	0.918	0.788	0.916	0.614	0.919	0.541	0.984	886	7	83	9	8	31	8	53	70	0.8636	0.1602	0.8799	0.8479	0.8101	0.9075	0.9401	0.7589	0.9698
52366708	0.734	0.718	0.589	0.806	0.871	0.832	0.819	0.322	0.911	0.671	0.992	782	6	88	8	8	21	8	61	75	0.8108	0.1111	0.8949	0.8182	0.8101	0.8092	0.9401	0.8256	0.9851
52366709	0.799	0.876	0.536	0.763	0.86	0.672	0.892	0.316	0.887	0.441	0.911	875	5	70	8	7	25	8	45	51	0.8587	0.0721	0.8352	0.8182	0.7463	0.8559	0.9401	0.6845	0.8898
52366710	0.878	0.734	0.52	0.83	0.823	0.638	0.953	0.363	0.619	0.09	0.879	400	7	68	5	6	28	5	18	39	0.5072	0.1602	0.8271	0.7201	0.6718	0.8841	0.7748	0.3582	0.8254
52366711	0.934	0.905	0.821	0.863	0.903	0.718	0.962	0.841	0.897	0.359	0.979	809	9	95	10	6	34	7	44	68	0.8256	0.2906	0.9137	0.8785	0.6718	0.9272	0.8903	0.6743	0.9624
52366712	0.899	0.82	0.747	0.841	0.903	0.625	0.953	0.643	0.844	0.322	0.963	672	9	88	9	4	31	6	43	60	0.7421	0.2906	0.8949	0.8479	0.5038	0.9075	0.8358	0.6642	0.9306
52366713	0.897	0.887	0.701	0.831	0.909	0.471	0.954	0.511	0.815	0.244	0.892	682	8	77	9	2	31	6	35	47	0.7489	0.2216	0.8602	0.8479	0.2845	0.9075	0.8358	0.5798	0.8698
52366714	0.894	0.904	0.743	0.831	0.917	0.418	0.95	0.515	0.86	0.265	0.887	721	10	77	10	2	28	7	41	49	0.7746	0.3667	0.8602	0.8785	0.2845	0.8841	0.8903	0.6439	0.88
52366715	0.899	0.911	0.81	0.829	0.916	0.428	0.948	0.52	0.888	0.305	0.888	800	10	76	10	2	24	7	42	49	0.8208	0.3667	0.8568	0.8785	0.2845	0.8452	0.8903	0.654	0.88
52366716	0.872	0.907	0.755	0.789	0.919	0.554	0.929	0.411	0.88	0.402	0.91	875	7	69	9	4	24	7	45	49	0.8587	0.1602	0.8313	0.8479	0.5038	0.8452	0.8903	0.6845	0.88
52366717	0.82	0.858	0.626	0.763	0.902	0.763	0.891	0.413	0.938	0.585	0.979	918	8	76	9	6	23	8	55	71	0.8775	0.2216	0.8568	0.8479	0.6718	0.8342	0.9401	0.7763	0.9734
52366718	0.807	0.831	0.496	0.759	0.884	0.851	0.882	0.409	0.935	0.62	0.929	892	6	77	8	8	24	8	57	61	0.8662	0.1111	0.8602	0.8182	0.8101	0.8452	0.9401	0.7932	0.9346
52366719	0.835	0.886	0.574	0.78	0.865	0.756	0.911	0.464	0.912	0.468	0.899	893	5	77	9	8	27	8	47	48	0.8667	0.0721	0.8602	0.8479	0.8101	0.8754	0.9401	0.7041	0.875
52366720	0.876	0.756	0.523	0.834	0.835	0.554	0.954	0.438	0.693	0.109	0.877	457	7	76	5	6	33	5	23	41	0.5637	0.1602	0.8568	0.7201	0.6718	0.921	0.7748	0.4313	0.8369
52366721	0.937	0.885	0.783	0.882	0.899	0.714	0.969	0.891	0.865	0.271	0.993	789	8	97	10	6	40	7	37	70	0.8146	0.2216	0.9188	0.8785	0.6718	0.9565	0.8903	0.602	0.9698
52366722	0.933	0.864	0.844	0.862	0.9	0.746	0.963	0.854	0.874	0.317	0.996	759	8	95	9	5	36	6	38	63	0.7974	0.2216	0.9137	0.8479	0.5899	0.9379	0.8358	0.6127	0.9429
52366723	0.946	0.953	0.796	0.861	0.925	0.594	0.968	0.829	0.855	0.365	0.922	933	9	88	10	4	33	6	43	52	0.8834	0.2906	0.8949	0.8785	0.5038	0.921	0.8358	0.6642	0.8945
52366724	0.933	0.92	0.712	0.839	0.92	0.628	0.966	0.745	0.883	0.357	0.953	761	7	83	9	4	34	8	45	59	0.7985	0.1602	0.8799	0.8479	0.5038	0.9272	0.9401	0.6845	0.9262
52366725	0.922	0.891	0.817	0.829	0.909	0.453	0.961	0.599	0.866	0.275	0.925	774	8	78	9	3	30	7	41	54	0.8062	0.2216	0.8636	0.8479	0.4192	0.9002	0.8903	0.6439	0.9036
52366726	0.916	0.88	0.822	0.823	0.92	0.451	0.958	0.607	0.907	0.365	0.987	874	9	78	10	2	31	8	45	67	0.8582	0.2906	0.8636	0.8785	0.2845	0.9075	0.9401	0.6845	0.9587
52366727	0.942	0.87	0.72	0.889	0.918	0.636	0.972	0.884	0.922	0.654	0.985	1032	10	114	10	4	46	8	58	68	0.9183	0.3667	0.9513	0.8785	0.5038	0.9766	0.9401	0.8013	0.9624
52366728	0.906	0.906	0.678	0.826	0.896	0.863	0.944	0.759	0.94	0.631	0.972	1032	8	95	9	8	39	8	59	67	0.9183	0.2216	0.9137	0.8479	0.8101	0.9522	0.9401	0.8094	0.9587
52366729	0.895	0.889	0.659	0.797	0.855	0.816	0.944	0.689	0.926	0.497	0.945	950	7	85	8	7	39	8	49	62	0.89	0.1602	0.8862	0.8182	0.7463	0.9522	0.9401	0.723	0.9388
52366730	0.85	0.729	0.481	0.833	0.851	0.582	0.942	0.332	0.689	0.101	0.888	469	7	76	6	6	36	5	21	43	0.5752	0.1602	0.8568	0.7564	0.6718	0.9379	0.7748	0.4033	0.8482
52366731	0.887	0.792	0.526	0.823	0.847	0.641	0.956	0.485	0.726	0.119	0.873	492	8	73	6	6	32	5	23	44	0.5964	0.2216	0.8462	0.7564	0.6718	0.9143	0.7748	0.4313	0.8537
52366732	0.919	0.803	0.529	0.829	0.861	0.728	0.968	0.636	0.774	0.129	0.912	512	7	75	5	6	34	6	26	48	0.6141	0.1602	0.8532	0.7201	0.6718	0.9272	0.8358	0.4719	0.875
52366733	0.917	0.842	0.469	0.826	0.878	0.524	0.971	0.628	0.811	0.172	0.93	590	7	76	7	5	35	6	32	53	0.6796	0.1602	0.8568	0.7878	0.5899	0.9328	0.8358	0.5455	0.899
52366734	0.925	0.877	0.513	0.824	0.892	0.524	0.972	0.668	0.833	0.225	0.93	680	7	75	8	4	37	7	36	55	0.7475	0.1602	0.8532	0.8182	0.5038	0.943	0.8903	0.591	0.9081
52366735	0.925	0.851	0.501	0.845	0.914	0.62	0.969	0.775	0.94	0.529	0.991	843	8	97	10	5	35	8	55	73	0.8434	0.2216	0.9188	0.8785	0.5899	0.9328	0.9401	0.7763	0.9796
52366736	0.931	0.859	0.652	0.869	0.915	0.567	0.97	0.74	0.911	0.472	0.978	892	9	106	9	4	36	7	50	67	0.8662	0.2906	0.9382	0.8479	0.5038	0.9379	0.8903	0.7321	0.9587
52366737	0.909	0.893	0.566	0.798	0.866	0.78	0.953	0.616	0.892	0.499	0.9	848	7	80	8	5	32	8	50	53	0.8457	0.1602	0.8704	0.8182	0.5899	0.9143	0.9401	0.7321	0.899
52366738	0.919	0.866	0.663	0.833	0.869	0.872	0.956	0.757	0.923	0.52	0.964	930	8	93	8	7	37	8	50	64	0.8823	0.2216	0.9085	0.8182	0.7463	0.943	0.9401	0.7321	0.947
52366739	0.912	0.799	0.713	0.85	0.853	0.772	0.96	0.804	0.934	0.519	0.971	886	9	98	9	8	43	8	51	64	0.8636	0.2906	0.921	0.8479	0.8101	0.9675	0.9401	0.7411	0.947
52366740	0.921	0.718	0.681	0.929	0.899	0.549	0.969	0.874	0.826	0.27	0.969	760	11	124	8	7	49	6	34	59	0.7979	0.4453	0.9641	0.8182	0.7463	0.9841	0.8358	0.5684	0.9262
52366741	0.911	0.848	0.578	0.853	0.867	0.643	0.964	0.712	0.774	0.153	0.903	606	7	87	6	6	37	6	30	48	0.6924	0.1602	0.8919	0.7564	0.6718	0.943	0.8358	0.5219	0.875
52366742	0.882	0.77	0.474	0.818	0.846	0.669	0.954	0.405	0.749	0.108	0.929	468	7	68	6	6	30	5	21	50	0.5742	0.1602	0.8271	0.7564	0.6718	0.9002	0.7748	0.4033	0.885
52366743	0.906	0.845	0.554	0.83	0.877	0.54	0.964	0.616	0.81	0.187	0.909	613	8	80	8	5	34	6	33	52	0.698	0.2216	0.8704	0.8182	0.5899	0.9272	0.8358	0.5571	0.8945
52366744	0.919	0.844	0.463	0.85	0.901	0.469	0.971	0.718	0.871	0.218	0.97	731	8	84	8	4	39	6	34	64	0.7806	0.2216	0.8831	0.8182	0.5038	0.9522	0.8358	0.5684	0.947
52366745	0.927	0.817	0.617	0.852	0.896	0.47	0.975	0.758	0.868	0.38	0.972	795	9	93	9	3	41	6	48	67	0.818	0.2906	0.9085	0.8479	0.4192	0.9602	0.8358	0.7139	0.9587
52366746	0.922	0.89	0.691	0.801	0.893	0.684	0.962	0.678	0.84	0.373	0.917	823	8	74	8	6	32	7	47	60	0.8333	0.2216	0.8498	0.8182	0.6718	0.9143	0.8903	0.7041	0.9306
52366747	0.912	0.892	0.574	0.792	0.843	0.834	0.953	0.694	0.883	0.509	0.908	848	8	81	7	7	33	8	52	58	0.8457	0.2216	0.8736	0.7878	0.7463	0.921	0.9401	0.7503	0.9217
52366748	0.886	0.89	0.552	0.781	0.827	0.875	0.936	0.528	0.894	0.49	0.905	908	7	80	9	8	29	8	47	52	0.8732	0.1602	0.8704	0.8479	0.8101	0.8925	0.9401	0.7041	0.8945
52366749	0.89	0.89	0.528	0.781	0.824	0.911	0.937	0.631	0.921	0.603	0.88	930	7	84	8	9	32	8	57	61	0.8823	0.1602	0.8831	0.8182	0.8638	0.9143	0.9401	0.7932	0.9346
52366750	0.918	0.847	0.733	0.913	0.923	0.711	0.959	0.89	0.856	0.339	0.997	844	11	121	9	8	44	6	40	66	0.8438	0.4453	0.9606	0.8479	0.8101	0.9707	0.8358	0.6336	0.9549
52366751	0.913	0.649	0.625	0.917	0.877	0.5	0.97	0.814	0.877	0.307	0.994	706	11	118	9	7	46	6	35	64	0.765	0.4453	0.9568	0.8479	0.7463	0.9766	0.8358	0.5798	0.947
52366752	0.908	0.77	0.556	0.857	0.879	0.605	0.967	0.723	0.828	0.181	0.965	628	7	93	9	6	41	6	32	55	0.7096	0.1602	0.9085	0.8479	0.6718	0.9602	0.8358	0.5455	0.9081
52366753	0.943	0.732	0.69	0.928	0.908	0.549	0.98	0.914	0.847	0.329	0.981	758	11	123	9	6	50	6	39	64	0.7968	0.4453	0.963	0.8479	0.6718	0.9862	0.8358	0.6233	0.947
52366754	0.948	0.744	0.64	0.93	0.912	0.451	0.984	0.915	0.856	0.353	0.98	800	11	124	9	6	49	6	40	68	0.8208	0.4453	0.9641	0.8479	0.6718	0.9841	0.8358	0.6336	0.9624
52366755	0.939	0.793	0.611	0.887	0.893	0.554	0.98	0.864	0.828	0.314	0.948	743	10	102	9	5	48	6	37	62	0.7878	0.3667	0.9303	0.8479	0.5899	0.9818	0.8358	0.602	0.9388
52366756	0.932	0.778	0.608	0.883	0.886	0.706	0.974	0.81	0.869	0.344	0.968	732	8	104	9	6	44	6	42	65	0.7812	0.2216	0.9344	0.8479	0.6718	0.9707	0.8358	0.654	0.951
52366757	0.964	0.94	0.704	0.911	0.888	0.873	0.979	0.951	0.93	0.71	0.978	1121	10	127	9	8	45	8	61	73	0.9424	0.3667	0.9672	0.8479	0.8101	0.9737	0.9401	0.8256	0.9796
52366758	0.851	0.864	0.461	0.78	0.817	0.892	0.915	0.492	0.934	0.657	0.979	939	6	86	8	7	26	8	62	74	0.8858	0.1111	0.8892	0.8182	0.7463	0.8662	0.9401	0.8334	0.9825
52366759	0.83	0.826	0.564	0.852	0.811	0.874	0.894	0.592	0.974	0.849	0.999	1047	9	109	9	9	29	8	79	85	0.9228	0.2906	0.9433	0.8479	0.8638	0.8925	0.9401	0.9344	0.9991
52366760	0.811	0.625	0.412	0.812	0.832	0.71	0.921	0.221	0.683	0.084	0.853	401	7	66	5	6	26	5	15	37	0.5083	0.1602	0.819	0.7201	0.6718	0.8662	0.7748	0.3088	0.8136
52366761	0.884	0.757	0.54	0.886	0.844	0.7	0.949	0.604	0.763	0.145	0.886	569	8	99	8	6	37	5	30	44	0.6622	0.2216	0.9234	0.8182	0.6718	0.943	0.7748	0.5219	0.8537
52366762	0.899	0.564	0.591	0.91	0.852	0.504	0.966	0.752	0.856	0.297	0.991	670	11	119	8	6	45	6	35	62	0.7407	0.4453	0.9581	0.8182	0.6718	0.9737	0.8358	0.5798	0.9388
52366763	0.894	0.65	0.564	0.869	0.863	0.534	0.965	0.71	0.814	0.182	0.97	626	9	92	8	6	42	6	29	58	0.7081	0.2906	0.9058	0.8182	0.6718	0.9641	0.8358	0.5096	0.9217
52366764	0.916	0.789	0.49	0.854	0.866	0.689	0.967	0.72	0.822	0.157	0.917	608	8	87	6	6	39	6	30	54	0.6942	0.2216	0.8919	0.7564	0.6718	0.9522	0.8358	0.5219	0.9036
52366768	0.956	0.93	0.795	0.947	0.925	0.827	0.968	0.986	0.967	0.92	1	1329	13	144	14	11	50	8	78	83	0.9778	0.5867	0.9818	0.9787	0.9419	0.9862	0.9401	0.93	0.9981
52366769	0.808	0.787	0.62	0.894	0.813	0.805	0.878	0.6	0.962	0.905	0.999	1083	9	118	11	9	29	8	80	83	0.933	0.2906	0.9568	0.9088	0.8638	0.8925	0.9401	0.9386	0.9981
52366771	0.846	0.641	0.528	0.856	0.807	0.697	0.937	0.437	0.772	0.124	0.887	514	7	83	7	7	34	6	26	48	0.6157	0.1602	0.8799	0.7878	0.7463	0.9272	0.8358	0.4719	0.875
52366772	0.879	0.654	0.572	0.875	0.816	0.596	0.956	0.587	0.802	0.165	0.969	585	8	93	8	7	38	6	29	51	0.6754	0.2216	0.9085	0.8182	0.7463	0.9478	0.8358	0.5096	0.8898
52366773	0.886	0.846	0.57	0.822	0.855	0.763	0.946	0.572	0.827	0.163	0.925	643	8	78	7	7	32	6	30	48	0.721	0.2216	0.8636	0.7878	0.7463	0.9143	0.8358	0.5219	0.875
52366779	0.968	0.944	0.788	0.95	0.922	0.887	0.977	0.995	0.974	0.944	0.998	1407	13	149	14	10	54	9	81	84	0.9854	0.5867	0.9849	0.9787	0.9087	0.9926	0.9795	0.9425	0.9987
52366782	0.869	0.639	0.57	0.864	0.836	0.759	0.945	0.561	0.805	0.138	0.918	564	9	94	8	6	34	6	26	49	0.6582	0.2906	0.9111	0.8182	0.6718	0.9272	0.8358	0.4719	0.88
52366783	0.867	0.784	0.458	0.802	0.855	0.729	0.944	0.453	0.75	0.175	0.878	596	8	71	9	7	33	5	32	46	0.6843	0.2216	0.8389	0.8479	0.7463	0.921	0.7748	0.5455	0.8646
52366789	0.973	0.889	0.697	0.944	0.879	0.851	0.988	0.982	0.942	0.784	0.967	1138	9	144	11	8	55	8	61	68	0.9463	0.2906	0.9818	0.9088	0.8101	0.9939	0.9401	0.8256	0.9624
52374090	0.814	0.804	0.6	0.841	0.902	0.946	0.854	0.602	0.909	0.584	0.99	969	7	95	10	7	31	8	58	72	0.8974	0.1602	0.9137	0.8785	0.7463	0.9075	0.9401	0.8013	0.9766
52375000	0.764	0.705	0.496	0.758	0.852	0.92	0.846	0.308	0.879	0.548	0.962	795	6	76	7	8	25	7	59	71	0.818	0.1111	0.8568	0.7878	0.8101	0.8559	0.8903	0.8094	0.9734
52375010	0.826	0.818	0.57	0.783	0.876	0.951	0.879	0.501	0.888	0.59	0.913	916	6	78	8	7	32	8	64	64	0.8766	0.1111	0.8636	0.8182	0.7463	0.9143	0.9401	0.8484	0.947
52375011	0.781	0.77	0.568	0.759	0.84	0.951	0.841	0.377	0.887	0.425	0.884	903	6	79	7	7	22	8	50	60	0.8712	0.1111	0.867	0.7878	0.7463	0.8221	0.9401	0.7321	0.9306
52375020	0.789	0.733	0.51	0.769	0.853	0.92	0.864	0.392	0.889	0.6	0.958	822	6	82	7	8	26	8	63	66	0.8328	0.1111	0.8767	0.7878	0.8101	0.8662	0.9401	0.8408	0.9549
52375021	0.818	0.83	0.652	0.758	0.848	0.969	0.858	0.436	0.899	0.528	0.876	909	6	73	7	8	25	8	55	56	0.8736	0.1111	0.8462	0.7878	0.8101	0.8559	0.9401	0.7763	0.9128
52375030	0.805	0.769	0.523	0.766	0.854	0.924	0.873	0.435	0.899	0.612	0.962	844	6	76	7	8	29	8	64	63	0.8438	0.1111	0.8568	0.7878	0.8101	0.8925	0.9401	0.8484	0.9429
52375040	0.834	0.792	0.563	0.791	0.861	0.933	0.897	0.53	0.912	0.492	0.968	832	5	79	7	9	32	8	51	68	0.8379	0.0721	0.867	0.7878	0.8638	0.9143	0.9401	0.7411	0.9624
52375060	0.745	0.749	0.41	0.753	0.839	0.844	0.843	0.264	0.823	0.453	0.916	749	4	67	7	6	20	8	54	56	0.7916	0.0439	0.8232	0.7878	0.6718	0.7956	0.9401	0.7675	0.9128
52375070	0.809	0.664	0.599	0.839	0.859	0.892	0.888	0.564	0.902	0.657	0.983	869	7	102	8	8	31	7	64	73	0.8558	0.1602	0.9303	0.8182	0.8101	0.9075	0.8903	0.8484	0.9796
52375071	0.844	0.809	0.576	0.803	0.835	0.923	0.904	0.57	0.949	0.549	0.961	888	6	81	7	8	31	8	57	65	0.8645	0.1111	0.8736	0.7878	0.8101	0.9075	0.9401	0.7932	0.951
52375080	0.853	0.867	0.608	0.799	0.841	0.846	0.917	0.563	0.931	0.448	0.977	876	5	78	7	8	34	8	46	65	0.8591	0.0721	0.8636	0.7878	0.8101	0.9272	0.9401	0.6944	0.951
52375081	0.843	0.891	0.647	0.764	0.821	0.904	0.898	0.52	0.941	0.577	0.911	994	4	75	6	9	29	8	56	59	0.906	0.0439	0.8532	0.7564	0.8638	0.8925	0.9401	0.7849	0.9262
52375090	0.88	0.873	0.578	0.781	0.82	0.891	0.933	0.596	0.898	0.462	0.887	773	5	73	6	8	30	8	45	53	0.8057	0.0721	0.8462	0.7564	0.8101	0.9002	0.9401	0.6845	0.899
52375091	0.818	0.757	0.549	0.772	0.784	0.9	0.899	0.449	0.949	0.683	0.977	838	7	88	6	7	31	8	64	68	0.8408	0.1602	0.8949	0.7564	0.7463	0.9075	0.9401	0.8484	0.9624
52376000	0.891	0.908	0.625	0.791	0.817	0.855	0.94	0.631	0.915	0.474	0.917	838	4	79	6	7	34	8	45	55	0.8408	0.0439	0.867	0.7564	0.7463	0.9272	0.9401	0.6845	0.9081
52376001	0.855	0.798	0.55	0.767	0.792	0.926	0.919	0.536	0.939	0.541	0.969	751	7	78	5	8	32	8	54	68	0.7928	0.1602	0.8636	0.7201	0.8101	0.9143	0.9401	0.7675	0.9624
52376010	0.882	0.913	0.566	0.79	0.82	0.814	0.937	0.572	0.937	0.503	0.899	878	5	81	7	7	31	8	49	50	0.8601	0.0721	0.8736	0.7878	0.7463	0.9075	0.9401	0.723	0.885
52376011	0.894	0.904	0.577	0.779	0.809	0.888	0.94	0.625	0.924	0.515	0.865	861	4	76	6	8	32	8	51	52	0.8522	0.0439	0.8568	0.7564	0.8101	0.9143	0.9401	0.7411	0.8945
52376020	0.864	0.833	0.616	0.778	0.822	0.841	0.926	0.584	0.939	0.635	0.957	864	6	86	8	9	31	8	57	70	0.8535	0.1111	0.8892	0.8182	0.8638	0.9075	0.9401	0.7932	0.9698
52376021	0.913	0.922	0.598	0.786	0.824	0.954	0.945	0.771	0.956	0.569	0.897	957	5	83	8	8	34	8	52	61	0.8927	0.0721	0.8799	0.8182	0.8101	0.9272	0.9401	0.7503	0.9346
52376030	0.911	0.886	0.663	0.823	0.832	0.808	0.953	0.763	0.919	0.492	0.886	927	5	93	7	9	43	8	49	51	0.8811	0.0721	0.9085	0.7878	0.8638	0.9675	0.9401	0.723	0.8898
52376031	0.899	0.905	0.529	0.768	0.796	0.933	0.941	0.674	0.928	0.563	0.865	919	4	78	6	8	33	8	54	48	0.8779	0.0439	0.8636	0.7564	0.8101	0.921	0.9401	0.7675	0.875
52376040	0.926	0.872	0.642	0.888	0.858	0.836	0.961	0.868	0.937	0.607	0.927	998	7	115	9	9	48	8	55	62	0.9075	0.1602	0.9527	0.8479	0.8638	0.9818	0.9401	0.7763	0.9388
52376060	0.76	0.766	0.548	0.838	0.792	0.819	0.845	0.406	0.946	0.904	0.996	1052	6	106	10	8	17	8	77	80	0.9243	0.1111	0.9382	0.8785	0.8101	0.7503	0.9401	0.9254	0.9952
52376070	0.787	0.807	0.571	0.814	0.794	0.834	0.866	0.451	0.94	0.89	0.972	1116	7	104	9	8	17	8	80	76	0.9412	0.1602	0.9344	0.8479	0.8101	0.7503	0.9401	0.9386	0.9876
52376080	0.959	0.947	0.825	0.931	0.893	0.847	0.969	0.962	0.97	0.842	0.992	1293	10	135	11	8	50	9	71	79	0.9733	0.3667	0.9749	0.9088	0.8101	0.9862	0.9795	0.8941	0.9937
52376081	0.939	0.913	0.538	0.805	0.81	0.958	0.961	0.833	0.956	0.805	0.982	1124	5	96	6	8	34	9	72	76	0.9431	0.0721	0.9163	0.7564	0.8101	0.9272	0.9795	0.8998	0.9876
52376082	0.955	0.804	0.582	0.864	0.802	0.916	0.979	0.857	0.967	0.912	0.999	1150	7	116	11	9	32	8	81	82	0.9489	0.1602	0.9541	0.9088	0.8638	0.9143	0.9401	0.9425	0.9974
52376091	0.971	0.957	0.63	0.856	0.83	0.973	0.98	0.947	0.94	0.705	0.91	1189	10	101	7	8	45	8	62	68	0.9569	0.3667	0.9279	0.7878	0.8101	0.9737	0.9401	0.8334	0.9624
52376092	0.968	0.916	0.585	0.826	0.8	0.973	0.982	0.882	0.91	0.699	0.905	1106	9	92	8	7	30	8	64	59	0.9388	0.2906	0.9058	0.8182	0.7463	0.9002	0.9401	0.8484	0.9262
52376093	0.963	0.889	0.573	0.866	0.845	0.946	0.981	0.933	0.96	0.901	0.997	1242	8	115	12	10	42	8	85	79	0.9661	0.2216	0.9527	0.9363	0.9087	0.9641	0.9401	0.9568	0.9937
52376094	0.926	0.735	0.479	0.824	0.753	0.83	0.969	0.734	0.936	0.897	0.994	976	6	102	8	8	32	8	80	77	0.9	0.1111	0.9303	0.8182	0.8101	0.9143	0.9401	0.9386	0.9899
52377002	0.99	0.959	0.688	0.928	0.851	0.955	0.996	0.983	0.959	0.816	0.963	1206	10	125	8	9	48	9	69	68	0.96	0.3667	0.9651	0.8182	0.8638	0.9818	0.9795	0.8822	0.9624
52377003	0.969	0.906	0.551	0.82	0.81	0.98	0.984	0.95	0.961	0.899	0.991	1251	10	102	10	9	40	8	84	80	0.9674	0.3667	0.9303	0.8785	0.8638	0.9565	0.9401	0.9534	0.9952
